"Interval start","All packets","TCP errors"
0,60,0
0.01,0,0
0.02,0,0
0.03,0,0
0.04,0,0
0.05,0,0
0.06,0,0
0.07,0,0
0.08,0,0
0.09,0,0
0.1,0,0
0.11,0,0
0.12,0,0
0.13,0,0
0.14,0,0
0.15,0,0
0.16,0,0
0.17,0,0
0.18,0,0
0.19,0,0
0.2,0,0
0.21,0,0
0.22,0,0
0.23,0,0
0.24,0,0
0.25,0,0
0.26,0,0
0.27,0,0
0.28,0,0
0.29,0,0
0.3,0,0
0.31,0,0
0.32,0,0
0.33,0,0
0.34,0,0
0.35,0,0
0.36,0,0
0.37,0,0
0.38,0,0
0.39,0,0
0.4,0,0
0.41,0,0
0.42,0,0
0.43,0,0
0.44,0,0
0.45,0,0
0.46,0,0
0.47,0,0
0.48,0,0
0.49,0,0
0.5,0,0
0.51,0,0
0.52,0,0
0.53,0,0
0.54,0,0
0.55,0,0
0.56,0,0
0.57,0,0
0.58,0,0
0.59,0,0
0.6,0,0
0.61,0,0
0.62,0,0
0.63,0,0
0.64,0,0
0.65,0,0
0.66,0,0
0.67,0,0
0.68,0,0
0.69,0,0
0.7,0,0
0.71,0,0
0.72,0,0
0.73,0,0
0.74,0,0
0.75,0,0
0.76,0,0
0.77,0,0
0.78,0,0
0.79,0,0
0.8,0,0
0.81,0,0
0.82,0,0
0.83,0,0
0.84,0,0
0.85,0,0
0.86,0,0
0.87,0,0
0.88,0,0
0.89,0,0
0.9,0,0
0.91,0,0
0.92,0,0
0.93,0,0
0.94,0,0
0.95,0,0
0.96,0,0
0.97,0,0
0.98,0,0
0.99,0,0
1,0,0
1.01,0,0
1.02,0,0
1.03,0,0
1.04,0,0
1.05,0,0
1.06,0,0
1.07,0,0
1.08,0,0
1.09,0,0
1.1,0,0
1.11,0,0
1.12,0,0
1.13,0,0
1.14,0,0
1.15,0,0
1.16,0,0
1.17,0,0
1.18,0,0
1.19,0,0
1.2,0,0
1.21,0,0
1.22,0,0
1.23,0,0
1.24,0,0
1.25,0,0
1.26,0,0
1.27,0,0
1.28,0,0
1.29,0,0
1.3,0,0
1.31,0,0
1.32,0,0
1.33,0,0
1.34,0,0
1.35,0,0
1.36,0,0
1.37,0,0
1.38,0,0
1.39,0,0
1.4,0,0
1.41,0,0
1.42,0,0
1.43,0,0
1.44,0,0
1.45,0,0
1.46,0,0
1.47,0,0
1.48,0,0
1.49,0,0
1.5,0,0
1.51,0,0
1.52,0,0
1.53,0,0
1.54,0,0
1.55,0,0
1.56,0,0
1.57,0,0
1.58,0,0
1.59,0,0
1.6,0,0
1.61,0,0
1.62,0,0
1.63,0,0
1.64,0,0
1.65,0,0
1.66,0,0
1.67,0,0
1.68,0,0
1.69,0,0
1.7,0,0
1.71,0,0
1.72,0,0
1.73,0,0
1.74,0,0
1.75,0,0
1.76,0,0
1.77,0,0
1.78,0,0
1.79,0,0
1.8,0,0
1.81,0,0
1.82,0,0
1.83,0,0
1.84,0,0
1.85,0,0
1.86,0,0
1.87,0,0
1.88,0,0
1.89,0,0
1.9,0,0
1.91,0,0
1.92,0,0
1.93,0,0
1.94,0,0
1.95,0,0
1.96,0,0
1.97,0,0
1.98,0,0
1.99,0,0
2,0,0
2.01,0,0
2.02,0,0
2.03,0,0
2.04,0,0
2.05,0,0
2.06,0,0
2.07,0,0
2.08,0,0
2.09,0,0
2.1,0,0
2.11,0,0
2.12,0,0
2.13,0,0
2.14,0,0
2.15,0,0
2.16,0,0
2.17,0,0
2.18,0,0
2.19,0,0
2.2,0,0
2.21,0,0
2.22,0,0
2.23,0,0
2.24,0,0
2.25,0,0
2.26,0,0
2.27,0,0
2.28,0,0
2.29,0,0
2.3,0,0
2.31,0,0
2.32,0,0
2.33,0,0
2.34,0,0
2.35,0,0
2.36,0,0
2.37,0,0
2.38,0,0
2.39,0,0
2.4,0,0
2.41,0,0
2.42,0,0
2.43,0,0
2.44,0,0
2.45,0,0
2.46,0,0
2.47,0,0
2.48,0,0
2.49,0,0
2.5,0,0
2.51,0,0
2.52,0,0
2.53,0,0
2.54,0,0
2.55,0,0
2.56,0,0
2.57,0,0
2.58,0,0
2.59,0,0
2.6,0,0
2.61,0,0
2.62,0,0
2.63,0,0
2.64,0,0
2.65,0,0
2.66,0,0
2.67,0,0
2.68,0,0
2.69,0,0
2.7,0,0
2.71,0,0
2.72,0,0
2.73,0,0
2.74,0,0
2.75,0,0
2.76,0,0
2.77,0,0
2.78,0,0
2.79,0,0
2.8,0,0
2.81,0,0
2.82,0,0
2.83,0,0
2.84,0,0
2.85,0,0
2.86,0,0
2.87,0,0
2.88,0,0
2.89,0,0
2.9,0,0
2.91,0,0
2.92,0,0
2.93,0,0
2.94,0,0
2.95,0,0
2.96,0,0
2.97,0,0
2.98,0,0
2.99,0,0
3,0,0
3.01,0,0
3.02,0,0
3.03,0,0
3.04,0,0
3.05,0,0
3.06,0,0
3.07,0,0
3.08,0,0
3.09,0,0
3.1,0,0
3.11,0,0
3.12,0,0
3.13,0,0
3.14,0,0
3.15,0,0
3.16,0,0
3.17,0,0
3.18,0,0
3.19,0,0
3.2,0,0
3.21,0,0
3.22,0,0
3.23,0,0
3.24,0,0
3.25,0,0
3.26,0,0
3.27,0,0
3.28,0,0
3.29,0,0
3.3,0,0
3.31,0,0
3.32,0,0
3.33,0,0
3.34,0,0
3.35,0,0
3.36,0,0
3.37,0,0
3.38,0,0
3.39,0,0
3.4,0,0
3.41,0,0
3.42,0,0
3.43,0,0
3.44,0,0
3.45,0,0
3.46,0,0
3.47,0,0
3.48,0,0
3.49,0,0
3.5,0,0
3.51,0,0
3.52,0,0
3.53,0,0
3.54,0,0
3.55,0,0
3.56,0,0
3.57,0,0
3.58,0,0
3.59,0,0
3.6,0,0
3.61,0,0
3.62,0,0
3.63,0,0
3.64,0,0
3.65,0,0
3.66,0,0
3.67,0,0
3.68,0,0
3.69,0,0
3.7,0,0
3.71,0,0
3.72,0,0
3.73,0,0
3.74,0,0
3.75,0,0
3.76,0,0
3.77,0,0
3.78,0,0
3.79,0,0
3.8,0,0
3.81,0,0
3.82,0,0
3.83,0,0
3.84,0,0
3.85,0,0
3.86,0,0
3.87,0,0
3.88,0,0
3.89,0,0
3.9,84,0
3.91,0,0
3.92,148,0
3.93,3382,0
3.94,26860,0
3.95,39500,0
3.96,45688,0
3.97,40222,0
3.98,47924,0
3.99,46410,0
4,43316,0
4.01,48112,45
4.02,39692,32
4.03,31402,0
4.04,29492,1
4.05,40222,0
4.06,49504,0
4.07,43316,0
4.08,43316,0
4.09,51018,0
4.1,43316,0
4.11,44896,0
4.12,46410,0
4.13,44830,0
4.14,49504,0
4.15,44896,0
4.16,44830,0
4.17,41802,0
4.18,47924,0
4.19,46410,0
4.2,46410,0
4.21,43316,0
4.22,44896,0
4.23,49504,0
4.24,46410,0
4.25,46410,0
4.26,44830,0
4.27,43316,0
4.28,47990,0
4.29,44830,0
4.3,49504,0
4.31,44896,0
4.32,35548,0
4.33,47990,0
4.34,46410,0
4.35,46410,0
4.36,44830,0
4.37,38708,0
4.38,49504,0
4.39,49504,0
4.4,46410,0
4.41,47924,0
4.42,38708,0
4.43,46410,0
4.44,47924,0
4.45,38708,0
4.46,44830,0
4.47,37128,0
4.48,44896,0
4.49,49504,0
4.5,51018,0
4.51,44896,0
4.52,40222,0
4.53,43316,0
4.54,49504,0
4.55,47924,0
4.56,43316,0
4.57,43316,0
4.58,44896,0
4.59,41736,0
4.6,49504,0
4.61,46410,0
4.62,40222,0
4.63,44896,0
4.64,41736,0
4.65,47990,0
4.66,47924,0
4.67,38708,0
4.68,46410,0
4.69,44830,0
4.7,46410,0
4.71,47990,0
4.72,41736,0
4.73,49504,0
4.74,44896,0
4.75,46344,0
4.76,49570,0
4.77,35548,0
4.78,34034,0
4.79,49504,0
4.8,46542,0
4.81,49504,0
4.82,46410,0
4.83,43316,0
4.84,51018,0
4.85,43316,0
4.86,46410,0
4.87,44896,0
4.88,20078,0
4.89,43316,0
4.9,40222,0
4.91,41868,0
4.92,30940,0
4.93,47990,0
4.94,49504,0
4.95,27846,0
4.96,44830,0
4.97,41802,0
4.98,30940,0
4.99,46410,0
5,44830,0
5.01,44896,0
5.02,43316,0
5.03,46410,0
5.04,49504,0
5.05,46410,0
5.06,44830,0
5.07,41736,0
5.08,43382,0
5.09,47924,0
5.1,47990,0
5.11,46410,0
5.12,41736,0
5.13,43316,0
5.14,47990,0
5.15,47924,0
5.16,47990,0
5.17,47924,0
5.18,43316,0
5.19,46410,0
5.2,51084,0
5.21,44830,0
5.22,35614,0
5.23,40222,0
5.24,44830,0
5.25,43316,0
5.26,48056,0
5.27,49504,0
5.28,43316,0
5.29,51084,0
5.3,41736,0
5.31,52598,0
5.32,43316,0
5.33,40222,0
5.34,44896,0
5.35,43316,0
5.36,51018,0
5.37,51084,0
5.38,40222,0
5.39,43316,0
5.4,37128,0
5.41,44830,0
5.42,43316,0
5.43,37128,0
5.44,43316,0
5.45,26332,0
5.46,40222,0
5.47,41736,0
5.48,38840,0
5.49,44830,0
5.5,35614,0
5.51,41736,0
5.52,41802,0
5.53,34034,0
5.54,43316,0
5.55,40222,0
5.56,41868,0
5.57,41736,0
5.58,38708,0
5.59,41736,0
5.6,44896,0
5.61,43316,0
5.62,43316,0
5.63,37128,0
5.64,43316,0
5.65,41736,0
5.66,32520,0
5.67,43316,0
5.68,34034,0
5.69,46344,0
5.7,41802,0
5.71,46542,0
5.72,47990,0
5.73,38642,0
5.74,46410,0
5.75,43316,0
5.76,43316,0
5.77,47990,0
5.78,34034,0
5.79,43316,0
5.8,40222,0
5.81,40222,0
5.82,38642,0
5.83,41802,0
5.84,44830,0
5.85,41736,0
5.86,46476,0
5.87,43316,0
5.88,40222,0
5.89,51018,0
5.9,40222,0
5.91,43316,0
5.92,40222,0
5.93,15470,0
5.94,34034,0
5.95,35614,0
5.96,41736,0
5.97,35614,0
5.98,30940,0
5.99,46410,0
6,43316,0
6.01,45028,0
6.02,43316,0
6.03,35614,0
6.04,43316,0
6.05,44830,0
6.06,40222,0
6.07,46410,0
6.08,37128,0
6.09,41802,0
6.1,44830,0
6.11,40222,0
6.12,46410,0
6.13,40222,0
6.14,41802,0
6.15,43316,0
6.16,44830,0
6.17,41802,0
6.18,40222,0
6.19,46410,0
6.2,40222,0
6.21,44830,0
6.22,43316,0
6.23,38708,0
6.24,47924,0
6.25,47990,0
6.26,46410,0
6.27,51018,0
6.28,10862,0
6.29,0,0
6.3,0,0
6.31,12376,0
6.32,40222,0
6.33,38642,0
6.34,46410,0
6.35,46806,0
6.36,44896,0
6.37,47924,0
6.38,40222,0
6.39,51018,0
6.4,44896,0
6.41,49504,0
6.42,46410,0
6.43,44896,0
6.44,46410,0
6.45,23172,0
6.46,41802,0
6.47,40222,0
6.48,34034,0
6.49,46410,0
6.5,46410,0
6.51,41736,0
6.52,44896,0
6.53,40222,0
6.54,47924,0
6.55,47990,0
6.56,41736,0
6.57,41802,0
6.58,38642,0
6.59,41802,0
6.6,43316,0
6.61,47924,0
6.62,43316,0
6.63,38708,0
6.64,43316,0
6.65,41736,0
6.66,46410,0
6.67,44896,0
6.68,37128,0
6.69,44830,0
6.7,43316,0
6.71,46410,0
6.72,47924,0
6.73,37194,0
6.74,41736,0
6.75,44896,0
6.76,44830,0
6.77,47990,0
6.78,38642,0
6.79,41802,0
6.8,43316,0
6.81,16984,0
6.82,46410,0
6.83,34034,0
6.84,27846,0
6.85,41802,0
6.86,34034,0
6.87,30940,0
6.88,30940,0
6.89,37128,0
6.9,34034,0
6.91,38642,0
6.92,35614,0
6.93,24752,0
6.94,43316,0
6.95,43316,0
6.96,35548,0
6.97,43448,0
6.98,38642,0
6.99,40222,0
7,43316,0
7.01,40222,0
7.02,41802,0
7.03,41736,0
7.04,41802,0
7.05,41736,0
7.06,41802,0
7.07,43316,0
7.08,41736,0
7.09,40222,0
7.1,43316,0
7.11,37128,0
7.12,43316,0
7.13,37128,0
7.14,37128,0
7.15,41802,0
7.16,43316,0
7.17,43250,0
7.18,40288,0
7.19,40222,0
7.2,49504,0
7.21,51018,0
7.22,43316,0
7.23,40222,0
7.24,38768,0
7.25,44830,0
7.26,41802,0
7.27,46410,0
7.28,41736,0
7.29,37128,0
7.3,40222,0
7.31,43316,0
7.32,40222,0
7.33,34034,0
7.34,34034,0
7.35,43316,0
7.36,41802,0
7.37,43316,0
7.38,49504,0
7.39,40222,0
7.4,47924,0
7.41,47990,0
7.42,47924,0
7.43,0,0
7.44,29426,0
7.45,29360,0
7.46,32520,0
7.47,44830,0
7.48,35614,0
7.49,34034,0
7.5,27846,0
7.51,41736,0
7.52,38708,0
7.53,30940,0
7.54,35548,0
7.55,38708,0
7.56,35614,0
7.57,43316,0
7.58,49504,0
7.59,16984,0
7.6,29426,0
7.61,15470,0
7.62,32454,0
7.63,30940,0
7.64,37128,0
7.65,27846,0
7.66,21658,0
7.67,34034,0
7.68,32520,0
7.69,40156,0
7.7,24818,0
7.71,40420,0
7.72,40288,0
7.73,27846,0
7.74,43316,0
7.75,17050,0
7.76,37128,0
7.77,41736,0
7.78,38708,0
7.79,30940,0
7.8,27846,0
7.81,44830,0
7.82,40222,0
7.83,27846,0
7.84,41802,0
7.85,37128,0
7.86,47924,0
7.87,38708,0
7.88,18564,0
7.89,34034,0
7.9,40222,0
7.91,29360,0
7.92,38708,0
7.93,41736,0
7.94,30940,0
7.95,29426,0
7.96,38642,0
7.97,43316,0
7.98,41802,0
7.99,35548,0
8,32520,0
8.01,44830,0
8.02,20144,0
8.03,9282,0
8.04,13890,0
8.05,40222,0
8.06,44896,0
8.07,46410,0
8.08,40222,0
8.09,27846,0
8.1,40222,0
8.11,40222,0
8.12,46410,0
8.13,49438,0
8.14,44896,0
8.15,41802,0
8.16,46410,0
8.17,47924,0
8.18,43316,0
8.19,44896,0
8.2,46410,0
8.21,38642,0
8.22,51084,0
8.23,46410,0
8.24,41736,0
8.25,40222,0
8.26,38708,0
8.27,46344,0
8.28,41802,0
8.29,37128,0
8.3,41802,0
8.31,46410,0
8.32,40222,0
8.33,44830,0
8.34,41868,0
8.35,46410,0
8.36,46410,0
8.37,46410,0
8.38,44830,0
8.39,38708,0
8.4,46410,0
8.41,47924,0
8.42,47990,0
8.43,41736,0
8.44,41802,0
8.45,37128,0
8.46,46410,0
8.47,54112,0
8.48,13956,0
8.49,0,0
8.5,0,0
8.51,0,0
8.52,0,0
8.53,0,0
8.54,0,0
8.55,0,0
8.56,0,0
8.57,0,0
8.58,0,0
8.59,0,0
8.6,0,0
8.61,0,0
8.62,0,0
8.63,0,0
8.64,0,0
8.65,0,0
8.66,0,0
8.67,0,0
8.68,0,0
8.69,0,0
8.7,0,0
8.71,0,0
8.72,0,0
8.73,0,0
8.74,0,0
8.75,0,0
8.76,0,0
8.77,0,0
8.78,0,0
8.79,0,0
8.8,0,0
8.81,0,0
8.82,0,0
8.83,0,0
8.84,0,0
8.85,0,0
8.86,0,0
8.87,0,0
8.88,0,0
8.89,0,0
8.9,0,0
8.91,0,0
8.92,0,0
8.93,0,0
8.94,0,0
8.95,0,0
8.96,0,0
8.97,0,0
8.98,0,0
8.99,0,0
9,0,0
9.01,0,0
9.02,0,0
9.03,0,0
9.04,0,0
9.05,0,0
9.06,0,0
9.07,0,0
9.08,0,0
9.09,0,0
9.1,0,0
9.11,0,0
9.12,0,0
9.13,0,0
9.14,0,0
9.15,0,0
9.16,0,0
9.17,0,0
9.18,0,0
9.19,0,0
9.2,0,0
9.21,0,0
9.22,0,0
9.23,0,0
9.24,0,0
9.25,0,0
9.26,0,0
9.27,0,0
9.28,0,0
9.29,0,0
9.3,0,0
9.31,0,0
9.32,0,0
9.33,0,0
9.34,0,0
9.35,0,0
9.36,37850,0
9.37,38382,0
9.38,41868,0
9.39,44830,0
9.4,37680,3
9.41,41934,0
9.42,41080,0
9.43,30020,0
9.44,41080,0
9.45,36340,0
9.46,34562,0
9.47,37128,0
9.48,40222,0
9.49,38708,0
9.5,44830,0
9.51,46410,0
9.52,49504,0
9.53,41802,0
9.54,43316,0
9.55,46410,0
9.56,44830,0
9.57,49504,0
9.58,41802,0
9.59,44830,0
9.6,41802,0
9.61,46410,0
9.62,49504,0
9.63,43316,0
9.64,46410,0
9.65,46410,0
9.66,47924,0
9.67,47990,0
9.68,40222,0
9.69,47924,0
9.7,43316,0
9.71,47990,0
9.72,43316,0
9.73,38642,0
9.74,35614,0
9.75,43316,0
9.76,40222,0
9.77,46410,0
9.78,38642,0
9.79,49504,0
9.8,41802,0
9.81,41736,0
9.82,46410,0
9.83,37128,0
9.84,47990,0
9.85,46410,0
9.86,46410,0
9.87,49504,0
9.88,43316,0
9.89,49504,0
9.9,49504,0
9.91,41736,0
9.92,35614,0
9.93,23172,0
9.94,46410,0
9.95,32520,0
9.96,41736,0
9.97,47990,0
9.98,38642,0
9.99,47990,0
10,43316,0
10.01,49504,0
10.02,49504,0
10.03,37128,0
10.04,47924,0
10.05,47990,0
10.06,49504,0
10.07,51018,0
10.08,40222,0
10.09,47990,0
10.1,46410,0
10.11,34034,0
10.12,52598,0
10.13,44830,0
10.14,38708,0
10.15,47924,0
10.16,44896,0
10.17,49504,0
10.18,43316,0
10.19,43316,0
10.2,44830,0
10.21,47990,0
10.22,49504,0
10.23,46410,0
10.24,29360,0
10.25,44896,0
10.26,47924,0
10.27,41802,0
10.28,46410,0
10.29,43316,0
10.3,44830,0
10.31,46410,0
10.32,35614,0
10.33,41736,0
10.34,41802,0
10.35,40222,0
10.36,43316,0
10.37,47924,0
10.38,47990,0
10.39,39170,0
10.4,44896,0
10.41,44830,0
10.42,47990,0
10.43,46410,0
10.44,40222,0
10.45,41736,0
10.46,43316,0
10.47,44896,0
10.48,46872,0
10.49,43316,0
10.5,44896,0
10.51,47924,0
10.52,46410,0
10.53,47990,0
10.54,43316,0
10.55,43316,0
10.56,49504,0
10.57,43316,0
10.58,52598,0
10.59,40156,0
10.6,43382,0
10.61,43316,0
10.62,44830,0
10.63,41802,0
10.64,37128,0
10.65,38642,0
10.66,43646,0
10.67,42066,0
10.68,41736,0
10.69,40222,0
10.7,40222,0
10.71,40222,0
10.72,44896,0
10.73,43316,0
10.74,37128,0
10.75,41736,0
10.76,41802,0
10.77,40486,0
10.78,46410,0
10.79,38642,0
10.8,40222,0
10.81,43316,0
10.82,44830,0
10.83,41802,0
10.84,35614,0
10.85,43316,0
10.86,41736,0
10.87,44896,0
10.88,42132,0
10.89,43448,0
10.9,44830,0
10.91,44896,0
10.92,47924,0
10.93,44896,0
10.94,15470,0
10.95,30940,0
10.96,43316,0
10.97,44830,0
10.98,44896,0
10.99,43316,0
11,45160,0
11.01,51282,0
11.02,51018,0
11.03,41802,0
11.04,43316,0
11.05,46410,0
11.06,49438,0
11.07,49570,0
11.08,46344,0
11.09,41802,0
11.1,38708,0
11.11,44830,0
11.12,51876,0
11.13,46410,0
11.14,44896,0
11.15,44830,0
11.16,44896,0
11.17,47924,0
11.18,47990,0
11.19,40222,0
11.2,44830,0
11.21,47990,0
11.22,51018,0
11.23,47990,0
11.24,40750,0
11.25,46410,0
11.26,44830,0
11.27,38708,0
11.28,49504,0
11.29,38642,0
11.3,43316,0
11.31,34034,0
11.32,0,0
11.33,0,0
11.34,0,0
11.35,24818,0
11.36,40222,0
11.37,46410,0
11.38,47924,0
11.39,30940,0
11.4,47990,0
11.41,42198,0
11.42,47990,0
11.43,49504,0
11.44,38642,0
11.45,44896,0
11.46,41736,0
11.47,43316,0
11.48,44896,0
11.49,40222,0
11.5,41736,0
11.51,44896,0
11.52,43316,0
11.53,51018,0
11.54,40222,0
11.55,43844,0
11.56,43514,0
11.57,47924,0
11.58,44896,0
11.59,44830,0
11.6,43316,0
11.61,44896,0
11.62,44830,0
11.63,46410,0
11.64,47990,0
11.65,41736,0
11.66,41802,0
11.67,46410,0
11.68,46410,0
11.69,48122,0
11.7,43910,0
11.71,46410,0
11.72,44830,0
11.73,47990,0
11.74,44830,0
11.75,44896,0
11.76,43316,0
11.77,44830,0
11.78,46410,0
11.79,47990,0
11.8,43316,0
11.81,23172,0
11.82,40222,0
11.83,41802,0
11.84,32454,0
11.85,38708,0
11.86,43316,0
11.87,37128,0
11.88,37128,0
11.89,46410,0
11.9,38642,0
11.91,41802,0
11.92,46410,0
11.93,47924,0
11.94,44896,0
11.95,0,0
11.96,9282,0
11.97,24752,0
11.98,30940,0
11.99,44830,0
12,44830,0
12.01,46476,0
12.02,43316,0
12.03,44962,0
12.04,44240,0
12.05,41802,0
12.06,47924,0
12.07,47990,0
12.08,27846,0
12.09,43316,0
12.1,40222,0
12.11,44830,0
12.12,49504,0
12.13,44896,0
12.14,46410,0
12.15,43316,0
12.16,44830,0
12.17,51018,0
12.18,43382,0
12.19,41736,0
12.2,38906,0
12.21,37656,0
12.22,47924,0
12.23,38708,0
12.24,44830,0
12.25,37128,0
12.26,41802,0
12.27,46410,0
12.28,43316,0
12.29,34034,0
12.3,40222,0
12.31,41736,0
12.32,40222,0
12.33,40222,0
12.34,46410,0
12.35,35614,0
12.36,41736,0
12.37,46410,0
12.38,46410,0
12.39,40750,0
12.4,38972,0
12.41,41802,0
12.42,46410,0
12.43,44830,0
12.44,46410,0
12.45,35614,0
12.46,41736,0
12.47,41802,0
12.48,46410,0
12.49,49504,0
12.5,37128,0
12.51,49504,0
12.52,43316,0
12.53,41736,0
12.54,47990,0
12.55,43316,0
12.56,46410,0
12.57,51150,0
12.58,43910,0
12.59,47990,0
12.6,40222,0
12.61,46410,0
12.62,51018,0
12.63,44896,0
12.64,46410,0
12.65,47924,0
12.66,41802,0
12.67,49504,0
12.68,44830,0
12.69,47990,0
12.7,44830,0
12.71,38708,0
12.72,49504,0
12.73,47924,0
12.74,44896,0
12.75,47924,0
12.76,40750,0
12.77,49504,0
12.78,47990,0
12.79,44830,0
12.8,47990,0
12.81,38642,0
12.82,46410,0
12.83,24752,0
12.84,43316,0
12.85,41802,0
12.86,37128,0
12.87,46410,0
12.88,47924,0
12.89,44896,0
12.9,46410,0
12.91,40222,0
12.92,43316,0
12.93,43316,0
12.94,41736,0
12.95,46410,0
12.96,20144,0
12.97,37524,0
12.98,33180,0
12.99,37260,0
13,44830,0
13.01,43316,0
13.02,46410,0
13.03,46410,0
13.04,47990,0
13.05,46410,0
13.06,37128,0
13.07,49504,0
13.08,44830,0
13.09,46410,0
13.1,44896,0
13.11,44830,0
13.12,49504,0
13.13,44896,0
13.14,47924,0
13.15,46410,0
13.16,43316,0
13.17,51084,0
13.18,46740,0
13.19,43976,0
13.2,46410,0
13.21,34034,0
13.22,40222,0
13.23,43316,0
13.24,40222,0
13.25,44830,0
13.26,40222,0
13.27,47990,0
13.28,47924,0
13.29,43316,0
13.3,41802,0
13.31,41736,0
13.32,41802,0
13.33,46410,0
13.34,46410,0
13.35,43316,0
13.36,43316,0
13.37,43316,0
13.38,51018,0
13.39,51084,0
13.4,46410,0
13.41,33114,0
13.42,39038,0
13.43,38708,0
13.44,49504,0
13.45,34034,0
13.46,37128,0
13.47,49504,0
13.48,20078,0
13.49,0,0
13.5,0,0
13.51,0,0
13.52,66,0
13.53,0,0
13.54,0,0
13.55,0,0
13.56,0,0
13.57,0,0
13.58,0,0
13.59,0,0
13.6,0,0
13.61,0,0
13.62,0,0
13.63,0,0
13.64,0,0
13.65,0,0
13.66,0,0
13.67,0,0
13.68,0,0
13.69,0,0
13.7,0,0
13.71,0,0
13.72,0,0
13.73,0,0
13.74,0,0
13.75,0,0
13.76,0,0
13.77,0,0
13.78,0,0
13.79,0,0
13.8,0,0
13.81,0,0
13.82,0,0
13.83,0,0
13.84,0,0
13.85,0,0
13.86,0,0
13.87,0,0
13.88,0,0
13.89,0,0
13.9,0,0
13.91,0,0
13.92,0,0
13.93,0,0
13.94,0,0
13.95,0,0
13.96,0,0
13.97,0,0
13.98,0,0
13.99,0,0
14,0,0
14.01,0,0
14.02,0,0
14.03,0,0
14.04,0,0
14.05,0,0
14.06,0,0
14.07,0,0
14.08,0,0
14.09,0,0
14.1,0,0
14.11,0,0
14.12,0,0
14.13,0,0
14.14,0,0
14.15,0,0
14.16,0,0
14.17,0,0
14.18,0,0
14.19,0,0
14.2,0,0
14.21,0,0
14.22,0,0
14.23,0,0
14.24,0,0
14.25,0,0
14.26,0,0
14.27,0,0
14.28,0,0
14.29,0,0
14.3,0,0
14.31,0,0
14.32,0,0
14.33,0,0
14.34,0,0
14.35,0,0
14.36,0,0
14.37,0,0
14.38,0,0
14.39,0,0
14.4,0,0
14.41,0,0
14.42,0,0
14.43,0,0
14.44,0,0
14.45,0,0
14.46,0,0
14.47,0,0
14.48,0,0
14.49,0,0
14.5,0,0
14.51,60,0
14.52,0,0
14.53,0,0
14.54,0,0
14.55,0,0
14.56,0,0
14.57,0,0
14.58,0,0
14.59,0,0
14.6,0,0
14.61,0,0
14.62,0,0
14.63,0,0
14.64,0,0
14.65,0,0
14.66,0,0
14.67,0,0
14.68,0,0
14.69,0,0
14.7,0,0
14.71,0,0
14.72,0,0
14.73,0,0
14.74,0,0
14.75,0,0
14.76,0,0
14.77,0,0
14.78,0,0
14.79,0,0
14.8,0,0
14.81,0,0
14.82,0,0
14.83,0,0
14.84,0,0
14.85,0,0
14.86,0,0
14.87,0,0
14.88,0,0
14.89,0,0
14.9,0,0
14.91,0,0
14.92,0,0
14.93,0,0
14.94,0,0
14.95,0,0
14.96,0,0
14.97,0,0
14.98,0,0
14.99,0,0
15,0,0
15.01,0,0
15.02,0,0
15.03,0,0
15.04,0,0
15.05,0,0
15.06,0,0
15.07,0,0
15.08,0,0
15.09,0,0
15.1,0,0
15.11,0,0
15.12,0,0
15.13,0,0
15.14,0,0
15.15,0,0
15.16,0,0
15.17,0,0
15.18,0,0
15.19,0,0
15.2,0,0
15.21,0,0
15.22,0,0
15.23,0,0
15.24,0,0
15.25,0,0
15.26,0,0
15.27,0,0
15.28,0,0
15.29,0,0
15.3,0,0
15.31,0,0
15.32,0,0
15.33,0,0
15.34,0,0
15.35,0,0
15.36,0,0
15.37,0,0
15.38,0,0
15.39,0,0
15.4,0,0
15.41,0,0
15.42,0,0
15.43,0,0
15.44,0,0
15.45,0,0
15.46,0,0
15.47,0,0
15.48,0,0
15.49,0,0
15.5,0,0
15.51,0,0
15.52,0,0
15.53,0,0
15.54,0,0
15.55,0,0
15.56,0,0
15.57,0,0
15.58,0,0
15.59,0,0
15.6,0,0
15.61,0,0
15.62,0,0
15.63,0,0
15.64,0,0
15.65,0,0
15.66,0,0
15.67,0,0
15.68,0,0
15.69,0,0
15.7,0,0
15.71,0,0
15.72,0,0
15.73,0,0
15.74,0,0
15.75,0,0
15.76,0,0
15.77,0,0
15.78,0,0
15.79,0,0
15.8,0,0
15.81,0,0
15.82,0,0
15.83,0,0
15.84,0,0
15.85,0,0
15.86,0,0
15.87,0,0
15.88,0,0
15.89,0,0
15.9,0,0
15.91,0,0
15.92,0,0
15.93,0,0
15.94,0,0
15.95,0,0
15.96,0,0
15.97,0,0
15.98,0,0
15.99,0,0
16,0,0
16.01,0,0
16.02,0,0
16.03,0,0
16.04,0,0
16.05,0,0
16.06,0,0
16.07,0,0
16.08,0,0
16.09,0,0
16.1,0,0
16.11,0,0
16.12,0,0
16.13,0,0
16.14,0,0
16.15,0,0
16.16,0,0
16.17,0,0
16.18,0,0
16.19,0,0
16.2,0,0
16.21,0,0
16.22,0,0
16.23,0,0
16.24,0,0
16.25,0,0
16.26,0,0
16.27,0,0
16.28,0,0
16.29,0,0
16.3,0,0
16.31,0,0
16.32,0,0
16.33,0,0
16.34,0,0
16.35,0,0
16.36,0,0
16.37,0,0
16.38,0,0
16.39,0,0
16.4,0,0
16.41,0,0
16.42,0,0
16.43,0,0
16.44,0,0
16.45,0,0
16.46,0,0
16.47,0,0
16.48,0,0
16.49,0,0
16.5,0,0
16.51,0,0
16.52,0,0
16.53,0,0
16.54,0,0
16.55,0,0
16.56,0,0
16.57,0,0
16.58,0,0
16.59,0,0
16.6,0,0
16.61,0,0
16.62,0,0
16.63,0,0
16.64,0,0
16.65,0,0
16.66,0,0
16.67,0,0
16.68,0,0
16.69,0,0
16.7,0,0
16.71,0,0
16.72,0,0
16.73,0,0
16.74,0,0
16.75,0,0
16.76,0,0
16.77,0,0
16.78,0,0
16.79,0,0
16.8,0,0
16.81,54264,36
16.82,26530,0
16.83,30940,0
16.84,15470,0
16.85,38642,0
16.86,29426,0
16.87,41736,0
16.88,23238,0
16.89,18564,0
16.9,47924,0
16.91,27846,0
16.92,37128,0
16.93,37128,0
16.94,35614,0
16.95,32454,0
16.96,35614,0
16.97,23172,0
16.98,32520,0
16.99,47924,0
17,34034,0
17.01,32520,0
17.02,38642,0
17.03,29426,0
17.04,30940,0
17.05,38642,0
17.06,35614,0
17.07,40222,0
17.08,43316,0
17.09,40222,0
17.1,47924,0
17.11,42432,6
17.12,30940,0
17.13,37590,0
17.14,36340,0
17.15,34760,0
17.16,37920,0
17.17,40420,0
17.18,37128,0
17.19,46410,0
17.2,46410,0
17.21,38708,0
17.22,47924,0
17.23,41802,0
17.24,49438,0
17.25,44896,0
17.26,40222,0
17.27,35614,0
17.28,41736,0
17.29,43316,0
17.3,46410,0
17.31,47990,0
17.32,37128,0
17.33,41736,0
17.34,49504,0
17.35,47990,0
17.36,47924,0
17.37,40222,0
17.38,41802,0
17.39,51018,0
17.4,52598,0
17.41,47990,0
17.42,38642,0
17.43,46410,0
17.44,51084,0
17.45,40222,0
17.46,51018,0
17.47,44896,0
17.48,32454,0
17.49,52598,0
17.5,46410,0
17.51,43316,0
17.52,41802,0
17.53,26266,0
17.54,37128,0
17.55,46410,0
17.56,43316,0
17.57,44896,0
17.58,40222,0
17.59,38642,0
17.6,38708,0
17.61,38642,0
17.62,40222,0
17.63,37128,0
17.64,38708,0
17.65,37128,0
17.66,34034,0
17.67,40618,0
17.68,34298,0
17.69,37128,0
17.7,34034,0
17.71,32454,0
17.72,30940,0
17.73,23238,0
17.74,25394,16
17.75,17590,12
17.76,27064,17
17.77,30248,19
17.78,27064,17
17.79,28656,18
17.8,28656,18
17.81,28656,18
17.82,30248,19
17.83,22288,14
17.84,30248,19
17.85,31840,20
17.86,30248,19
17.87,30248,19
17.88,27064,17
17.89,28656,18
17.9,31840,20
17.91,31840,20
17.92,31840,20
17.93,28656,18
17.94,35024,22
17.95,33432,21
17.96,27064,17
17.97,25472,16
17.98,31840,20
17.99,35024,22
18,36616,23
18.01,38208,24
18.02,38208,24
18.03,36616,23
18.04,31840,20
18.05,38208,24
18.06,41392,26
18.07,41392,26
18.08,41392,26
18.09,38208,24
18.1,41392,26
18.11,46168,29
18.12,47760,30
18.13,47568,26
18.14,40222,0
18.15,41736,0
18.16,49504,0
18.17,49504,0
18.18,49504,0
18.19,46410,0
18.2,41802,0
18.21,47924,0
18.22,47990,0
18.23,49504,0
18.24,43316,0
18.25,44830,0
18.26,46410,0
18.27,46410,0
18.28,49504,0
18.29,43316,0
18.3,47990,0
18.31,46410,0
18.32,46410,0
18.33,43316,0
18.34,38642,0
18.35,46410,0
18.36,43316,0
18.37,47990,0
18.38,49504,0
18.39,43316,0
18.4,46410,0
18.41,41736,0
18.42,46410,0
18.43,51084,0
18.44,40222,0
18.45,37128,0
18.46,47924,0
18.47,27846,0
18.48,44896,0
18.49,41736,0
18.5,49504,0
18.51,47990,0
18.52,43316,0
18.53,43316,0
18.54,44830,0
18.55,46410,0
18.56,49504,0
18.57,47990,0
18.58,38642,0
18.59,41802,0
18.6,49504,0
18.61,46410,0
18.62,47924,0
18.63,38708,0
18.64,43316,0
18.65,49504,0
18.66,47924,0
18.67,47990,0
18.68,43316,0
18.69,40222,0
18.7,47924,0
18.71,49504,0
18.72,51084,0
18.73,46410,0
18.74,37128,0
18.75,47924,0
18.76,49504,0
18.77,51084,0
18.78,47924,0
18.79,40222,0
18.8,43316,0
18.81,51084,0
18.82,49504,0
18.83,46410,0
18.84,37128,0
18.85,47924,0
18.86,49504,0
18.87,51084,0
18.88,49504,0
18.89,37128,0
18.9,44830,0
18.91,49504,0
18.92,49504,0
18.93,47990,0
18.94,41736,0
18.95,44896,0
18.96,46410,0
18.97,38642,0
18.98,47990,0
18.99,43316,0
19,43316,0
19.01,47924,0
19.02,49504,0
19.03,49504,0
19.04,43316,0
19.05,41802,0
19.06,47924,0
19.07,43316,0
19.08,47990,0
19.09,44830,0
19.1,43316,0
19.11,44896,0
19.12,51018,0
19.13,41802,0
19.14,44830,0
19.15,46410,0
19.16,43316,0
19.17,49504,0
19.18,51084,0
19.19,44830,0
19.2,49504,0
19.21,43316,0
19.22,49504,0
19.23,49504,0
19.24,46410,0
19.25,47990,0
19.26,43316,0
19.27,49504,0
19.28,47924,0
19.29,44896,0
19.3,49504,0
19.31,43316,0
19.32,49504,0
19.33,44830,0
19.34,43316,0
19.35,51084,0
19.36,37128,0
19.37,44830,0
19.38,47990,0
19.39,44830,0
19.4,44896,0
19.41,46410,0
19.42,44830,0
19.43,46410,0
19.44,46410,0
19.45,38708,0
19.46,49504,0
19.47,35548,0
19.48,47990,0
19.49,46410,0
19.5,47924,0
19.51,49504,0
19.52,43316,0
19.53,46410,0
19.54,47990,0
19.55,46410,0
19.56,49504,0
19.57,47924,0
19.58,44896,0
19.59,49504,0
19.6,44830,0
19.61,49504,0
19.62,46410,0
19.63,43316,0
19.64,52598,0
19.65,40222,0
19.66,44896,0
19.67,47924,0
19.68,38708,0
19.69,51018,0
19.7,40222,0
19.71,46410,0
19.72,51084,0
19.73,43316,0
19.74,49504,0
19.75,44830,0
19.76,47990,0
19.77,49504,0
19.78,43316,0
19.79,51018,0
19.8,44896,0
19.81,49438,0
19.82,51084,0
19.83,35614,0
19.84,47924,0
19.85,43316,0
19.86,47990,0
19.87,52598,0
19.88,47924,0
19.89,46410,0
19.9,41802,0
19.91,49504,0
19.92,46410,0
19.93,49504,0
19.94,43316,0
19.95,43316,0
19.96,49504,0
19.97,38642,0
19.98,49504,0
19.99,43316,0
20,37128,0
20.01,51084,0
20.02,51018,0
20.03,51084,0
20.04,43316,0
20.05,43316,0
20.06,47924,0
20.07,51084,0
20.08,47924,0
20.09,46410,0
20.1,38708,0
20.11,47924,0
20.12,52598,0
20.13,49504,0
20.14,47990,0
20.15,40222,0
20.16,43316,0
20.17,51018,0
20.18,49504,0
20.19,51084,0
20.2,37128,0
20.21,47924,0
20.22,49504,0
20.23,47990,0
20.24,52598,0
20.25,35548,0
20.26,47990,0
20.27,46344,0
20.28,47990,0
20.29,51084,0
20.3,37128,0
20.31,46410,0
20.32,51018,0
20.33,43316,0
20.34,51084,0
20.35,37128,0
20.36,46410,0
20.37,51018,0
20.38,49504,0
20.39,51084,0
20.4,43316,0
20.41,44830,0
20.42,49504,0
20.43,49504,0
20.44,52598,0
20.45,29426,0
20.46,41736,0
20.47,44896,0
20.48,46410,0
20.49,51018,0
20.5,44830,0
20.51,41802,0
20.52,47990,0
20.53,52598,0
20.54,46410,0
20.55,46410,0
20.56,41736,0
20.57,49504,0
20.58,51084,0
20.59,47924,0
20.6,43316,0
20.61,44896,0
20.62,47924,0
20.63,47990,0
20.64,52598,0
20.65,43316,0
20.66,46410,0
20.67,43316,0
20.68,47924,0
20.69,52598,0
20.7,37128,0
20.71,51084,0
20.72,43316,0
20.73,49504,0
20.74,51018,0
20.75,44896,0
20.76,46410,0
20.77,43316,0
20.78,49504,0
20.79,52598,0
20.8,41736,0
20.81,49504,0
20.82,44896,0
20.83,41736,0
20.84,47990,0
20.85,41736,0
20.86,49504,0
20.87,41736,0
20.88,44896,0
20.89,49504,0
20.9,41802,0
20.91,47924,0
20.92,46410,0
20.93,44896,0
20.94,49504,0
20.95,43316,0
20.96,51018,0
20.97,37128,0
20.98,41802,0
20.99,51018,0
21,40222,0
21.01,47990,0
21.02,51018,0
21.03,34034,0
21.04,49504,0
21.05,40222,0
21.06,47990,0
21.07,51018,0
21.08,44896,0
21.09,46410,0
21.1,41736,0
21.11,47990,0
21.12,52598,0
21.13,49438,0
21.14,43382,0
21.15,41736,0
21.16,51084,0
21.17,49504,0
21.18,51018,0
21.19,41802,0
21.2,43316,0
21.21,49504,0
21.22,51018,0
21.23,51084,0
21.24,44830,0
21.25,37128,0
21.26,49504,0
21.27,51084,0
21.28,49504,0
21.29,43316,0
21.3,43316,0
21.31,47924,0
21.32,51084,0
21.33,43316,0
21.34,43316,0
21.35,43316,0
21.36,49504,0
21.37,51018,0
21.38,47990,0
21.39,0,0
21.4,0,0
21.41,0,0
21.42,32454,0
21.43,41802,0
21.44,51018,0
21.45,35614,0
21.46,46410,0
21.47,41736,0
21.48,43316,0
21.49,47990,0
21.5,43316,0
21.51,44830,0
21.52,52598,0
21.53,44896,0
21.54,46410,0
21.55,47924,0
21.56,46410,0
21.57,51084,0
21.58,46410,0
21.59,47924,0
21.6,44896,0
21.61,46410,0
21.62,46410,0
21.63,49504,0
21.64,44830,0
21.65,47990,0
21.66,43316,0
21.67,51018,0
21.68,49504,0
21.69,13956,0
21.7,30940,0
21.71,43316,0
21.72,43316,0
21.73,47924,0
21.74,49504,0
21.75,43316,0
21.76,44896,0
21.77,49504,0
21.78,52598,0
21.79,51018,0
21.8,46410,0
21.81,18564,0
21.82,38708,0
21.83,41736,0
21.84,23238,0
21.85,46410,0
21.86,34034,0
21.87,41736,0
21.88,1580,0
21.89,41736,0
21.9,43316,0
21.91,43376,0
21.92,35614,0
21.93,47924,0
21.94,51084,0
21.95,47924,0
21.96,43316,0
21.97,32520,0
21.98,37128,0
21.99,32454,0
22,47990,0
22.01,40222,0
22.02,52598,0
22.03,46410,0
22.04,51018,0
22.05,51084,0
22.06,43316,0
22.07,47924,0
22.08,49504,0
22.09,52598,0
22.1,47990,0
22.11,38642,0
22.12,49504,0
22.13,47990,0
22.14,47924,0
22.15,51084,0
22.16,43316,0
22.17,47924,0
22.18,54178,0
22.19,47924,0
22.2,44896,0
22.21,38642,0
22.22,46410,0
22.23,44896,0
22.24,44830,0
22.25,46410,0
22.26,37128,0
22.27,0,0
22.28,29426,0
22.29,37128,0
22.3,32454,0
22.31,34034,0
22.32,37128,0
22.33,27846,0
22.34,34034,0
22.35,35614,0
22.36,24752,0
22.37,40222,0
22.38,35548,0
22.39,40222,0
22.4,34034,0
22.41,29426,0
22.42,34034,0
22.43,35548,0
22.44,37128,0
22.45,29426,0
22.46,27846,0
22.47,29360,0
22.48,30940,0
22.49,34034,0
22.5,37128,0
22.51,34034,0
22.52,37128,0
22.53,24752,0
22.54,38708,0
22.55,32454,0
22.56,30940,0
22.57,34382,8
22.58,27064,17
22.59,31840,20
22.6,33432,21
22.61,25472,16
22.62,31840,20
22.63,30248,19
22.64,35024,22
22.65,36616,23
22.66,22288,14
22.67,36616,23
22.68,35024,22
22.69,31840,20
22.7,33432,21
22.71,30248,19
22.72,35024,22
22.73,38208,24
22.74,36616,23
22.75,33432,21
22.76,31840,20
22.77,38208,24
22.78,38208,24
22.79,42984,27
22.8,39800,25
22.81,25472,16
22.82,39800,25
22.83,31840,20
22.84,35024,22
22.85,38208,24
22.86,38208,24
22.87,42984,27
22.88,41392,26
22.89,20696,13
22.9,11144,7
22.91,19104,12
22.92,38208,24
22.93,41392,26
22.94,41392,26
22.95,48182,6
22.96,43316,0
22.97,26332,0
22.98,44830,0
22.99,40222,0
23,34034,0
23.01,17050,0
23.02,49504,0
23.03,38642,0
23.04,43316,0
23.05,41802,0
23.06,43316,0
23.07,46410,0
23.08,47924,0
23.09,44896,0
23.1,43316,0
23.11,41736,0
23.12,35614,0
23.13,49504,0
23.14,40222,0
23.15,43316,0
23.16,38642,0
23.17,49504,0
23.18,46410,0
23.19,49504,0
23.2,40222,0
23.21,41802,0
23.22,46410,0
23.23,40222,0
23.24,41736,0
23.25,43316,0
23.26,34034,0
23.27,43316,0
23.28,34034,0
23.29,47924,0
23.3,46476,0
23.31,40222,0
23.32,41736,0
23.33,38708,0
23.34,51018,0
23.35,46410,0
23.36,47990,0
23.37,43316,0
23.38,43316,0
23.39,51018,0
23.4,49504,0
23.41,37128,0
23.42,41802,0
23.43,44830,0
23.44,44896,0
23.45,40222,0
23.46,51018,0
23.47,40222,0
23.48,20144,0
23.49,0,0
23.5,0,0
23.51,0,0
23.52,0,0
23.53,0,0
23.54,0,0
23.55,0,0
23.56,0,0
23.57,0,0
23.58,0,0
23.59,0,0
23.6,0,0
23.61,0,0
23.62,0,0
23.63,0,0
23.64,0,0
23.65,0,0
23.66,0,0
23.67,0,0
23.68,0,0
23.69,0,0
23.7,0,0
23.71,0,0
23.72,0,0
23.73,0,0
23.74,0,0
23.75,0,0
23.76,0,0
23.77,0,0
23.78,0,0
23.79,0,0
23.8,0,0
23.81,0,0
23.82,0,0
23.83,0,0
23.84,0,0
23.85,0,0
23.86,0,0
23.87,0,0
23.88,0,0
23.89,0,0
23.9,0,0
23.91,0,0
23.92,0,0
23.93,0,0
23.94,0,0
23.95,0,0
23.96,0,0
23.97,0,0
23.98,0,0
23.99,0,0
24,0,0
24.01,0,0
24.02,0,0
24.03,0,0
24.04,0,0
24.05,0,0
24.06,0,0
24.07,0,0
24.08,0,0
24.09,0,0
24.1,0,0
24.11,0,0
24.12,0,0
24.13,0,0
24.14,0,0
24.15,0,0
24.16,0,0
24.17,0,0
24.18,0,0
24.19,0,0
24.2,0,0
24.21,0,0
24.22,0,0
24.23,0,0
24.24,0,0
24.25,0,0
24.26,0,0
24.27,0,0
24.28,0,0
24.29,0,0
24.3,0,0
24.31,0,0
24.32,0,0
24.33,0,0
24.34,0,0
24.35,0,0
24.36,0,0
24.37,0,0
24.38,0,0
24.39,0,0
24.4,0,0
24.41,0,0
24.42,0,0
24.43,0,0
24.44,0,0
24.45,0,0
24.46,0,0
24.47,0,0
24.48,0,0
24.49,0,0
24.5,0,0
24.51,0,0
24.52,0,0
24.53,0,0
24.54,0,0
24.55,0,0
24.56,0,0
24.57,0,0
24.58,0,0
24.59,0,0
24.6,0,0
24.61,0,0
24.62,0,0
24.63,0,0
24.64,0,0
24.65,0,0
24.66,0,0
24.67,0,0
24.68,0,0
24.69,0,0
24.7,0,0
24.71,0,0
24.72,0,0
24.73,0,0
24.74,0,0
24.75,0,0
24.76,0,0
24.77,0,0
24.78,0,0
24.79,0,0
24.8,0,0
24.81,0,0
24.82,0,0
24.83,0,0
24.84,0,0
24.85,0,0
24.86,0,0
24.87,0,0
24.88,0,0
24.89,0,0
24.9,0,0
24.91,0,0
24.92,0,0
24.93,0,0
24.94,0,0
24.95,0,0
24.96,0,0
24.97,0,0
24.98,0,0
24.99,0,0
25,0,0
25.01,0,0
25.02,0,0
25.03,0,0
25.04,0,0
25.05,0,0
25.06,0,0
25.07,0,0
25.08,0,0
25.09,0,0
25.1,0,0
25.11,0,0
25.12,0,0
25.13,0,0
25.14,0,0
25.15,0,0
25.16,0,0
25.17,0,0
25.18,0,0
25.19,0,0
25.2,0,0
25.21,0,0
25.22,0,0
25.23,0,0
25.24,0,0
25.25,0,0
25.26,0,0
25.27,4542,0
25.28,43514,0
25.29,52994,0
25.3,18564,0
25.31,52564,29
25.32,32520,0
25.33,34034,0
25.34,35548,0
25.35,43316,0
25.36,40222,0
25.37,43316,0
25.38,32520,0
25.39,46410,0
25.4,21658,0
25.41,43316,0
25.42,47924,0
25.43,41802,0
25.44,44830,0
25.45,30940,0
25.46,26332,0
25.47,41736,0
25.48,41802,0
25.49,43472,3
25.5,36010,1
25.51,43316,0
25.52,40222,0
25.53,49504,0
25.54,49504,0
25.55,47990,0
25.56,29360,0
25.57,43316,0
25.58,44896,0
25.59,41736,0
25.6,47990,0
25.61,44830,0
25.62,47990,0
25.63,35548,0
25.64,41802,0
25.65,38642,0
25.66,37128,0
25.67,30940,0
25.68,41802,0
25.69,34034,0
25.7,34034,0
25.71,37128,0
25.72,43316,0
25.73,43316,0
25.74,43316,0
25.75,37128,0
25.76,35548,0
25.77,44896,0
25.78,40222,0
25.79,43316,0
25.8,44830,0
25.81,32454,0
25.82,43382,0
25.83,43316,0
25.84,44830,0
25.85,46410,0
25.86,38708,0
25.87,40222,0
25.88,46410,0
25.89,44830,0
25.9,46410,0
25.91,38708,0
25.92,46410,0
25.93,38642,0
25.94,49504,0
25.95,47990,0
25.96,44830,0
25.97,49504,0
25.98,26332,0
25.99,51018,0
26,49504,0
26.01,40222,0
26.02,47990,0
26.03,40222,0
26.04,49438,0
26.05,47990,0
26.06,46410,0
26.07,47990,0
26.08,47924,0
26.09,43316,0
26.1,51084,0
26.11,43316,0
26.12,49504,0
26.13,49504,0
26.14,43316,0
26.15,46410,0
26.16,43316,0
26.17,51018,0
26.18,47990,0
26.19,44830,0
26.2,49504,0
26.21,43316,0
26.22,51084,0
26.23,46410,0
26.24,43316,0
26.25,49504,0
26.26,44830,0
26.27,43316,0
26.28,46410,0
26.29,41802,0
26.3,49504,0
26.31,29360,0
26.32,47990,0
26.33,34034,0
26.34,47924,0
26.35,41802,0
26.36,44830,0
26.37,47924,0
26.38,49570,0
26.39,49504,0
26.4,40222,0
26.41,47924,0
26.42,10862,0
26.43,0,0
26.44,0,0
26.45,15470,0
26.46,47924,0
26.47,43316,0
26.48,43316,0
26.49,43316,0
26.5,47990,0
26.51,51018,0
26.52,43316,0
26.53,47990,0
26.54,43316,0
26.55,47924,0
26.56,49504,0
26.57,43316,0
26.58,47990,0
26.59,37128,0
26.6,38642,0
26.61,46410,0
26.62,35548,0
26.63,44896,0
26.64,46410,0
26.65,43316,0
26.66,47990,0
26.67,43316,0
26.68,49504,0
26.69,43316,0
26.7,47924,0
26.71,46410,0
26.72,44896,0
26.73,51018,0
26.74,47990,0
26.75,47924,0
26.76,44896,0
26.77,44830,0
26.78,49504,0
26.79,54178,0
26.8,54112,0
26.81,24752,0
26.82,57272,0
26.83,49504,0
26.84,46410,0
26.85,55692,0
26.86,47924,0
26.87,57272,0
26.88,63394,0
26.89,29426,0
26.9,27846,0
26.91,54112,0
26.92,51084,0
26.93,58786,0
26.94,63394,0
26.95,55692,0
26.96,66554,0
26.97,71162,0
26.98,55692,0
26.99,74256,0
27,80444,0
27.01,79404,12
27.02,39800,25
27.03,54128,34
27.04,90744,57
27.05,84376,53
27.06,87560,55
27.07,78008,49
27.08,81192,51
27.09,85968,54
27.1,85968,54
27.11,85968,54
27.12,79600,50
27.13,90744,57
27.14,95520,60
27.15,93928,59
27.16,90744,57
27.17,94542,40
27.18,102168,0
27.19,99008,0
27.2,105196,0
27.21,103616,0
27.22,97494,0
27.23,100522,0
27.24,106776,0
27.25,97428,0
27.26,103682,0
27.27,95914,0
27.28,102102,0
27.29,106710,0
27.3,102102,0
27.31,100588,0
27.32,89726,0
27.33,100522,0
27.34,103682,0
27.35,103616,0
27.36,111384,0
27.37,91306,0
27.38,105196,0
27.39,108290,0
27.4,108224,0
27.41,103682,0
27.42,95914,0
27.43,106776,0
27.44,106710,0
27.45,85052,0
27.46,105196,0
27.47,92886,0
27.48,99008,0
27.49,106710,0
27.5,100588,0
27.51,103616,0
27.52,95914,0
27.53,94400,0
27.54,109804,0
27.55,103682,0
27.56,95848,0
27.57,94400,0
27.58,108290,0
27.59,105196,0
27.6,106776,0
27.61,109804,0
27.62,95914,0
27.63,102102,0
27.64,111384,0
27.65,103682,0
27.66,103616,0
27.67,95914,0
27.68,105196,0
27.69,102102,0
27.7,100588,0
27.71,108290,0
27.72,94334,0
27.73,102102,0
27.74,103682,0
27.75,52598,0
27.76,4608,0
27.77,44896,0
27.78,49504,0
27.79,81958,0
27.8,89726,0
27.81,95914,0
27.82,86632,0
27.83,95914,0
27.84,66554,0
27.85,91240,0
27.86,92820,0
27.87,102102,0
27.88,95914,0
27.89,99008,0
27.9,95914,0
27.91,78930,0
27.92,64974,0
27.93,54112,0
27.94,63460,0
27.95,66488,0
27.96,64974,0
27.97,63460,0
27.98,38642,0
27.99,51084,0
28,60300,0
28.01,63460,0
28.02,64974,0
28.03,57206,0
28.04,47990,0
28.05,49504,0
28.06,57206,0
28.07,64974,0
28.08,54178,0
28.09,64974,0
28.1,37128,0
28.11,32454,0
28.12,40222,0
28.13,0,0
28.14,34034,0
28.15,47990,0
28.16,44830,0
28.17,38708,0
28.18,54112,0
28.19,34034,0
28.2,41802,0
28.21,35548,0
28.22,34034,0
28.23,21658,0
28.24,34034,0
28.25,27846,0
28.26,34034,0
28.27,34034,0
28.28,26332,0
28.29,35548,0
28.3,27846,0
28.31,26266,0
28.32,24818,0
28.33,27846,0
28.34,21658,0
28.35,34034,0
28.36,23172,0
28.37,26332,0
28.38,30940,0
28.39,30940,0
28.4,27846,0
28.41,26266,0
28.42,38708,0
28.43,30940,0
28.44,40156,0
28.45,34100,0
28.46,27846,0
28.47,27846,0
28.48,34034,0
28.49,37128,0
28.5,32454,0
28.51,3094,0
28.52,0,0
28.53,0,0
28.54,0,0
28.55,66,0
28.56,0,0
28.57,0,0
28.58,0,0
28.59,0,0
28.6,0,0
28.61,0,0
28.62,0,0
28.63,0,0
28.64,0,0
28.65,0,0
28.66,0,0
28.67,0,0
28.68,0,0
28.69,0,0
28.7,0,0
28.71,0,0
28.72,0,0
28.73,0,0
28.74,0,0
28.75,0,0
28.76,0,0
28.77,0,0
28.78,0,0
28.79,0,0
28.8,0,0
28.81,0,0
28.82,0,0
28.83,0,0
28.84,0,0
28.85,0,0
28.86,0,0
28.87,0,0
28.88,0,0
28.89,0,0
28.9,0,0
28.91,0,0
28.92,0,0
28.93,0,0
28.94,0,0
28.95,0,0
28.96,0,0
28.97,0,0
28.98,0,0
28.99,0,0
29,0,0
29.01,0,0
29.02,0,0
29.03,0,0
29.04,0,0
29.05,0,0
29.06,0,0
29.07,0,0
29.08,0,0
29.09,0,0
29.1,0,0
29.11,0,0
29.12,0,0
29.13,0,0
29.14,0,0
29.15,0,0
29.16,0,0
29.17,0,0
29.18,0,0
29.19,0,0
29.2,0,0
29.21,0,0
29.22,0,0
29.23,0,0
29.24,0,0
29.25,0,0
29.26,0,0
29.27,0,0
29.28,0,0
29.29,0,0
29.3,0,0
29.31,0,0
29.32,0,0
29.33,0,0
29.34,0,0
29.35,0,0
29.36,0,0
29.37,0,0
29.38,0,0
29.39,0,0
29.4,0,0
29.41,0,0
29.42,0,0
29.43,0,0
29.44,0,0
29.45,0,0
29.46,0,0
29.47,0,0
29.48,0,0
29.49,0,0
29.5,0,0
29.51,0,0
29.52,0,0
29.53,0,0
29.54,0,0
29.55,0,0
29.56,0,0
29.57,0,0
29.58,0,0
29.59,0,0
29.6,0,0
29.61,0,0
29.62,0,0
29.63,0,0
29.64,0,0
29.65,0,0
29.66,0,0
29.67,0,0
29.68,0,0
29.69,0,0
29.7,0,0
29.71,0,0
29.72,0,0
29.73,0,0
29.74,0,0
29.75,0,0
29.76,0,0
29.77,0,0
29.78,0,0
29.79,0,0
29.8,0,0
29.81,0,0
29.82,0,0
29.83,0,0
29.84,0,0
29.85,0,0
29.86,0,0
29.87,0,0
29.88,0,0
29.89,0,0
29.9,0,0
29.91,0,0
29.92,0,0
29.93,0,0
29.94,0,0
29.95,0,0
29.96,0,0
29.97,0,0
29.98,0,0
29.99,0,0
30,0,0
30.01,0,0
30.02,0,0
30.03,0,0
30.04,0,0
30.05,0,0
30.06,0,0
30.07,0,0
30.08,0,0
30.09,0,0
30.1,0,0
30.11,0,0
30.12,0,0
30.13,0,0
30.14,0,0
30.15,0,0
30.16,0,0
30.17,0,0
30.18,0,0
30.19,0,0
30.2,0,0
30.21,0,0
30.22,0,0
30.23,0,0
30.24,0,0
30.25,0,0
30.26,0,0
30.27,0,0
30.28,0,0
30.29,0,0
30.3,0,0
30.31,0,0
30.32,0,0
30.33,0,0
30.34,0,0
30.35,0,0
30.36,0,0
30.37,0,0
30.38,0,0
30.39,0,0
30.4,0,0
30.41,0,0
30.42,0,0
30.43,0,0
30.44,0,0
30.45,0,0
30.46,0,0
30.47,0,0
30.48,0,0
30.49,0,0
30.5,0,0
30.51,0,0
30.52,0,0
30.53,0,0
30.54,0,0
30.55,0,0
30.56,0,0
30.57,0,0
30.58,0,0
30.59,0,0
30.6,0,0
30.61,0,0
30.62,0,0
30.63,0,0
30.64,0,0
30.65,0,0
30.66,0,0
30.67,0,0
30.68,0,0
30.69,0,0
30.7,0,0
30.71,0,0
30.72,0,0
30.73,0,0
30.74,0,0
30.75,0,0
30.76,0,0
30.77,0,0
30.78,0,0
30.79,0,0
30.8,0,0
30.81,0,0
30.82,0,0
30.83,0,0
30.84,0,0
30.85,0,0
30.86,0,0
30.87,0,0
30.88,0,0
30.89,0,0
30.9,0,0
30.91,0,0
30.92,0,0
30.93,0,0
30.94,0,0
30.95,0,0
30.96,0,0
30.97,0,0
30.98,0,0
30.99,0,0
31,0,0
31.01,0,0
31.02,0,0
31.03,0,0
31.04,0,0
31.05,0,0
31.06,0,0
31.07,0,0
31.08,0,0
31.09,0,0
31.1,0,0
31.11,0,0
31.12,0,0
31.13,0,0
31.14,0,0
31.15,0,0
31.16,0,0
31.17,0,0
31.18,0,0
31.19,0,0
31.2,0,0
31.21,0,0
31.22,0,0
31.23,0,0
31.24,0,0
31.25,0,0
31.26,0,0
31.27,0,0
31.28,0,0
31.29,0,0
31.3,0,0
31.31,0,0
31.32,0,0
31.33,0,0
31.34,0,0
31.35,0,0
31.36,0,0
31.37,0,0
31.38,0,0
31.39,0,0
31.4,0,0
31.41,0,0
31.42,0,0
31.43,0,0
31.44,0,0
31.45,0,0
31.46,0,0
31.47,0,0
31.48,0,0
31.49,0,0
31.5,0,0
31.51,0,0
31.52,0,0
31.53,0,0
31.54,0,0
31.55,0,0
31.56,0,0
31.57,0,0
31.58,0,0
31.59,0,0
31.6,0,0
31.61,0,0
31.62,0,0
31.63,0,0
31.64,0,0
31.65,0,0
31.66,0,0
31.67,0,0
31.68,0,0
31.69,0,0
31.7,0,0
31.71,0,0
31.72,0,0
31.73,0,0
31.74,0,0
31.75,0,0
31.76,0,0
31.77,0,0
31.78,0,0
31.79,0,0
31.8,0,0
31.81,0,0
31.82,0,0
31.83,0,0
31.84,0,0
31.85,0,0
31.86,0,0
31.87,0,0
31.88,0,0
31.89,0,0
31.9,0,0
31.91,0,0
31.92,0,0
31.93,0,0
31.94,0,0
31.95,0,0
31.96,0,0
31.97,0,0
31.98,0,0
31.99,0,0
32,0,0
32.01,0,0
32.02,0,0
32.03,0,0
32.04,0,0
32.05,0,0
32.06,0,0
32.07,0,0
32.08,0,0
32.09,0,0
32.1,0,0
32.11,0,0
32.12,0,0
32.13,0,0
32.14,0,0
32.15,0,0
32.16,0,0
32.17,0,0
32.18,0,0
32.19,0,0
32.2,0,0
32.21,0,0
32.22,0,0
32.23,0,0
32.24,0,0
32.25,0,0
32.26,0,0
32.27,0,0
32.28,0,0
32.29,0,0
32.3,0,0
32.31,0,0
32.32,0,0
32.33,0,0
32.34,0,0
32.35,0,0
32.36,0,0
32.37,0,0
32.38,0,0
32.39,0,0
32.4,0,0
32.41,0,0
32.42,0,0
32.43,0,0
32.44,0,0
32.45,0,0
32.46,0,0
32.47,0,0
32.48,0,0
32.49,0,0
32.5,0,0
32.51,0,0
32.52,0,0
32.53,0,0
32.54,0,0
32.55,0,0
32.56,0,0
32.57,0,0
32.58,0,0
32.59,0,0
32.6,0,0
32.61,0,0
32.62,0,0
32.63,0,0
32.64,0,0
32.65,0,0
32.66,0,0
32.67,0,0
32.68,0,0
32.69,0,0
32.7,0,0
32.71,0,0
32.72,0,0
32.73,0,0
32.74,0,0
32.75,0,0
32.76,0,0
32.77,0,0
32.78,0,0
32.79,0,0
32.8,0,0
32.81,0,0
32.82,0,0
32.83,0,0
32.84,0,0
32.85,0,0
32.86,0,0
32.87,0,0
32.88,0,0
32.89,0,0
32.9,0,0
32.91,0,0
32.92,0,0
32.93,0,0
32.94,0,0
32.95,0,0
32.96,0,0
32.97,0,0
32.98,0,0
32.99,0,0
33,0,0
33.01,0,0
33.02,0,0
33.03,0,0
33.04,0,0
33.05,0,0
33.06,0,0
33.07,0,0
33.08,0,0
33.09,0,0
33.1,0,0
33.11,0,0
33.12,0,0
33.13,0,0
33.14,0,0
33.15,0,0
33.16,0,0
33.17,0,0
33.18,0,0
33.19,0,0
33.2,0,0
33.21,0,0
33.22,0,0
33.23,0,0
33.24,0,0
33.25,0,0
33.26,0,0
33.27,0,0
33.28,0,0
33.29,0,0
33.3,0,0
33.31,0,0
33.32,0,0
33.33,4542,2
33.34,16370,17
33.35,14356,11
33.36,7900,0
33.37,20408,0
33.38,21658,0
33.39,29360,0
33.4,40222,0
33.41,43316,0
33.42,34034,0
33.43,24752,0
33.44,65552,45
33.45,34166,0
33.46,43316,0
33.47,47924,0
33.48,32520,0
33.49,51018,0
33.5,37128,0
33.51,40222,0
33.52,54178,0
33.53,47924,0
33.54,43316,0
33.55,35614,0
33.56,52598,0
33.57,52598,0
33.58,40222,0
33.59,30940,0
33.6,31174,5
33.61,34430,1
33.62,52598,0
33.63,46410,0
33.64,43316,0
33.65,44830,0
33.66,34100,0
33.67,24752,0
33.68,34034,0
33.69,20486,1
33.7,46542,0
33.71,34034,0
33.72,49504,0
33.73,47924,0
33.74,41802,0
33.75,44830,0
33.76,29426,0
33.77,52598,0
33.78,38642,0
33.79,30940,0
33.8,47990,0
33.81,44830,0
33.82,43316,0
33.83,47990,0
33.84,49504,0
33.85,49504,0
33.86,44830,0
33.87,46410,0
33.88,46410,0
33.89,57206,0
33.9,52664,0
33.91,44830,0
33.92,54178,0
33.93,43316,0
33.94,58786,0
33.95,58786,0
33.96,47924,0
33.97,60366,0
33.98,54112,0
33.99,52598,0
34,58786,0
34.01,52598,0
34.02,57272,0
34.03,64974,0
34.04,75770,0
34.05,72742,0
34.06,72676,0
34.07,78930,0
34.08,77350,0
34.09,77350,0
34.1,81958,0
34.11,55692,0
34.12,75836,0
34.13,78864,0
34.14,77350,0
34.15,75836,0
34.16,69582,0
34.17,77350,0
34.18,75836,0
34.19,83538,0
34.2,74256,0
34.21,71096,0
34.22,52664,0
34.23,21658,0
34.24,54112,0
34.25,51018,0
34.26,41802,0
34.27,46410,0
34.28,55692,0
34.29,51084,0
34.3,49504,0
34.31,54112,0
34.32,54178,0
34.33,49504,0
34.34,23172,0
34.35,54178,0
34.36,52598,0
34.37,38642,0
34.38,58786,0
34.39,60300,0
34.4,55758,0
34.41,52598,0
34.42,55692,0
34.43,58786,0
34.44,58786,0
34.45,54112,0
34.46,57272,0
34.47,55626,0
34.48,60366,0
34.49,66554,0
34.5,58786,0
34.51,43316,0
34.52,71096,0
34.53,71228,0
34.54,83538,0
34.55,85052,0
34.56,44896,0
34.57,97428,0
34.58,108290,0
34.59,88212,0
34.6,126854,0
34.61,159308,0
34.62,151606,0
34.63,168656,0
34.64,162402,0
34.65,171750,0
34.66,173264,0
34.67,193342,0
34.68,196172,0
34.69,219806,0
34.7,197950,0
34.71,204204,0
34.72,198214,0
34.73,222834,0
34.74,172864,0
34.75,0,0
34.76,132,0
34.77,0,0
34.78,0,0
34.79,0,0
34.8,0,0
34.81,0,0
34.82,0,0
34.83,0,0
34.84,0,0
34.85,0,0
34.86,0,0
34.87,0,0
34.88,0,0
34.89,0,0
34.9,0,0
34.91,0,0
34.92,0,0
34.93,0,0
34.94,0,0
34.95,0,0
34.96,0,0
34.97,0,0
34.98,0,0
34.99,0,0
35,0,0
35.01,0,0
35.02,0,0
35.03,0,0
35.04,0,0
35.05,0,0
35.06,0,0
35.07,0,0
35.08,0,0
35.09,0,0
35.1,0,0
35.11,0,0
35.12,0,0
35.13,0,0
35.14,0,0
35.15,0,0
35.16,0,0
35.17,0,0
35.18,0,0
35.19,0,0
35.2,0,0
35.21,0,0
35.22,0,0
35.23,0,0
35.24,0,0
35.25,0,0
35.26,0,0
35.27,0,0
35.28,0,0
35.29,0,0
35.3,0,0
35.31,0,0
35.32,0,0
35.33,0,0
35.34,0,0
35.35,0,0
35.36,0,0
35.37,0,0
35.38,0,0
35.39,0,0
35.4,0,0
35.41,0,0
35.42,0,0
35.43,0,0
35.44,0,0
35.45,0,0
35.46,0,0
35.47,0,0
35.48,0,0
35.49,0,0
35.5,0,0
35.51,0,0
35.52,0,0
35.53,0,0
35.54,0,0
35.55,0,0
35.56,0,0
35.57,0,0
35.58,0,0
35.59,0,0
35.6,0,0
35.61,0,0
35.62,0,0
35.63,0,0
35.64,0,0
35.65,0,0
35.66,0,0
35.67,0,0
35.68,0,0
35.69,0,0
35.7,0,0
35.71,0,0
35.72,0,0
35.73,0,0
35.74,0,0
35.75,0,0
35.76,0,0
35.77,0,0
35.78,0,0
35.79,0,0
35.8,0,0
35.81,0,0
35.82,0,0
35.83,0,0
35.84,0,0
35.85,0,0
35.86,0,0
35.87,0,0
35.88,0,0
35.89,0,0
35.9,0,0
35.91,0,0
35.92,0,0
35.93,0,0
35.94,0,0
35.95,0,0
35.96,0,0
35.97,0,0
35.98,0,0
35.99,0,0
36,0,0
36.01,0,0
36.02,0,0
36.03,0,0
36.04,0,0
36.05,0,0
36.06,0,0
36.07,0,0
36.08,0,0
36.09,0,0
36.1,0,0
36.11,0,0
36.12,0,0
36.13,0,0
36.14,0,0
36.15,0,0
36.16,0,0
36.17,0,0
36.18,0,0
36.19,0,0
36.2,0,0
36.21,0,0
36.22,0,0
36.23,0,0
36.24,0,0
36.25,0,0
36.26,0,0
36.27,0,0
36.28,0,0
36.29,0,0
36.3,0,0
36.31,0,0
36.32,0,0
36.33,0,0
36.34,0,0
36.35,0,0
36.36,0,0
36.37,0,0
36.38,0,0
36.39,0,0
36.4,0,0
36.41,0,0
36.42,0,0
36.43,0,0
36.44,0,0
36.45,0,0
36.46,0,0
36.47,0,0
36.48,0,0
36.49,0,0
36.5,0,0
36.51,0,0
36.52,0,0
36.53,0,0
36.54,0,0
36.55,0,0
36.56,0,0
36.57,0,0
36.58,0,0
36.59,0,0
36.6,0,0
36.61,0,0
36.62,0,0
36.63,0,0
36.64,0,0
36.65,0,0
36.66,0,0
36.67,0,0
36.68,0,0
36.69,0,0
36.7,0,0
36.71,0,0
36.72,0,0
36.73,0,0
36.74,0,0
36.75,0,0
36.76,0,0
36.77,0,0
36.78,0,0
36.79,0,0
36.8,0,0
36.81,0,0
36.82,0,0
36.83,0,0
36.84,0,0
36.85,0,0
36.86,0,0
36.87,0,0
36.88,0,0
36.89,0,0
36.9,0,0
36.91,0,0
36.92,0,0
36.93,0,0
36.94,0,0
36.95,0,0
36.96,0,0
36.97,0,0
36.98,60,0
